VentaID,ClienteID,ProductoID,Cantidad,FechaVenta,Region,VentaTotal
101,1058,514,6,1/1/2024,Oeste,221.04
102,1086,509,3,2/1/2024,Sur,1682.79
103,1060,527,1,3/1/2024,Sur,1041.34
104,1024,530,3,4/1/2024,Este,1748.46
105,1063,527,6,5/1/2024,Este,6248.04
106,1022,525,7,6/1/2024,Este,13819.33
107,1070,517,5,7/1/2024,Este,1275.2
108,1025,521,3,8/1/2024,Sur,1177.71
109,1064,510,2,9/1/2024,Oeste,893.8
110,1024,504,2,10/1/2024,Sur,2390.86
111,1100,515,3,11/1/2024,Este,5574.51
112,1040,507,7,12/1/2024,Este,1464.05
113,1043,524,9,13/1/2024,Oeste,13301.91
114,1014,516,3,14/1/2024,Sur,844.14
115,1043,511,9,15/1/2024,Norte,14235.12
116,1044,506,8,16/1/2024,Este,7531.68
117,1016,501,9,17/1/2024,Oeste,17511.3
118,1031,506,1,18/1/2024,Norte,941.46
119,1079,520,3,19/1/2024,Oeste,5140.98
120,1024,515,6,20/1/2024,Norte,11149.02
121,1063,524,8,21/1/2024,Sur,11823.92
122,1033,526,4,22/1/2024,Norte,3201.08
123,1009,517,7,23/1/2024,Norte,1785.28
124,1086,526,2,24/1/2024,Norte,1600.54
125,1078,515,4,25/1/2024,Oeste,7432.68
126,1099,504,7,26/1/2024,Oeste,8368.01
127,1092,514,2,27/1/2024,Norte,73.68
128,1093,512,2,28/1/2024,Norte,1106.98
129,1086,504,8,29/1/2024,Sur,9563.44
130,1043,515,7,30/1/2024,Este,13007.19
131,1006,520,3,31/1/2024,Oeste,5140.98
132,1089,501,3,1/2/2024,Este,5837.1
133,1027,521,5,2/2/2024,Sur,1962.85
134,1004,523,7,3/2/2024,Norte,5494.72
135,1051,508,6,4/2/2024,Norte,6713.04
136,1061,509,8,5/2/2024,Sur,4487.44
137,1060,510,9,6/2/2024,Este,4022.1
138,1076,510,7,7/2/2024,Este,3128.3
139,1007,501,1,8/2/2024,Este,1945.7
140,1090,503,2,9/2/2024,Oeste,2074.8
141,1018,505,8,10/2/2024,Oeste,6942.64
142,1011,524,1,11/2/2024,Oeste,1477.99
143,1069,504,6,12/2/2024,Norte,7172.58
144,1036,506,7,13/2/2024,Sur,6590.22
145,1032,516,1,14/2/2024,Este,281.38
146,1057,504,4,15/2/2024,Sur,4781.72
147,1093,530,8,16/2/2024,Sur,4662.56
148,1095,511,9,17/2/2024,Este,14235.12
149,1068,502,6,18/2/2024,Sur,7903.14
150,1083,528,5,19/2/2024,Oeste,740.7
151,1044,523,9,20/2/2024,Norte,7064.64
152,1082,511,3,21/2/2024,Este,4745.04
153,1012,515,7,22/2/2024,Este,13007.19
154,1001,512,2,23/2/2024,Este,1106.98
155,1062,503,5,24/2/2024,Norte,5187
156,1053,519,1,25/2/2024,Oeste,1387.56
157,1010,507,7,26/2/2024,Norte,1464.05
158,1023,510,4,27/2/2024,Norte,1787.6
159,1055,509,7,28/2/2024,Oeste,3926.51
160,1068,513,1,29/2/2024,Sur,1030.34
161,1087,507,2,1/3/2024,Oeste,418.3
162,1019,523,3,2/3/2024,Sur,2354.88
163,1010,517,8,3/3/2024,Este,2040.32
164,1052,504,4,4/3/2024,Este,4781.72
165,1049,504,7,5/3/2024,Norte,8368.01
166,1055,529,1,6/3/2024,Sur,112.85
167,1092,529,6,7/3/2024,Sur,677.1
168,1011,510,3,8/3/2024,Sur,1340.7
169,1095,516,8,9/3/2024,Norte,2251.04
170,1002,502,5,10/3/2024,Este,6585.95
171,1017,511,2,11/3/2024,Este,3163.36
172,1052,504,7,12/3/2024,Oeste,8368.01
173,1073,524,3,13/3/2024,Sur,4433.97
174,1001,514,4,14/3/2024,Norte,147.36
175,1043,516,4,15/3/2024,Oeste,1125.52
176,1040,503,1,16/3/2024,Sur,1037.4
177,1030,520,8,17/3/2024,Este,13709.28
178,1072,514,1,18/3/2024,Oeste,36.84
179,1097,517,3,19/3/2024,Este,765.12
180,1085,502,9,20/3/2024,Sur,11854.71
181,1005,501,2,21/3/2024,Norte,3891.4
182,1039,505,5,22/3/2024,Este,4339.15
183,1004,515,3,23/3/2024,Sur,5574.51
184,1100,529,6,24/3/2024,Sur,677.1
185,1015,504,4,25/3/2024,Este,4781.72
186,1076,504,3,26/3/2024,Este,3586.29
187,1065,511,4,27/3/2024,Sur,6326.72
188,1015,506,4,28/3/2024,Oeste,3765.84
189,1069,504,9,29/3/2024,Norte,10758.87
190,1050,506,1,30/3/2024,Norte,941.46
191,1040,508,3,31/3/2024,Oeste,3356.52
192,1084,526,7,1/4/2024,Este,5601.89
193,1003,511,2,2/4/2024,Este,3163.36
194,1011,504,1,3/4/2024,Oeste,1195.43
195,1097,526,1,4/4/2024,Este,800.27
196,1051,524,8,5/4/2024,Norte,11823.92
197,1047,526,6,6/4/2024,Sur,4801.62
198,1098,507,6,7/4/2024,Sur,1254.9
199,1049,511,3,8/4/2024,Norte,4745.04
200,1051,514,8,9/4/2024,Oeste,294.72
201,1039,505,8,10/4/2024,Este,6942.64
202,1045,502,7,11/4/2024,Norte,9220.33
203,1061,512,5,12/4/2024,Norte,2767.45
204,1074,525,4,13/4/2024,Este,7896.76
205,1054,505,9,14/4/2024,Este,7810.47
206,1055,507,3,15/4/2024,Norte,627.45
207,1053,526,5,16/4/2024,Este,4001.35
208,1075,523,6,17/4/2024,Norte,4709.76
209,1021,511,8,18/4/2024,Oeste,12653.44
210,1073,524,8,19/4/2024,Este,11823.92
211,1035,513,8,20/4/2024,Sur,8242.72
212,1045,522,1,21/4/2024,Oeste,782.85
213,1050,523,1,22/4/2024,Sur,784.96
214,1039,508,4,23/4/2024,Sur,4475.36
215,1032,526,4,24/4/2024,Este,3201.08
216,1005,512,2,25/4/2024,Sur,1106.98
217,1024,509,9,26/4/2024,Este,5048.37
218,1026,506,2,27/4/2024,Oeste,1882.92
219,1033,515,7,28/4/2024,Norte,13007.19
220,1024,508,4,29/4/2024,Oeste,4475.36
221,1028,516,2,30/4/2024,Este,562.76
222,1029,507,1,1/5/2024,Este,209.15
223,1027,516,8,2/5/2024,Sur,2251.04
224,1080,501,9,3/5/2024,Sur,17511.3
225,1084,522,3,4/5/2024,Oeste,2348.55
226,1009,523,2,5/5/2024,Sur,1569.92
227,1017,514,2,6/5/2024,Este,73.68
228,1067,513,7,7/5/2024,Este,7212.38
229,1020,519,9,8/5/2024,Sur,12488.04
230,1039,527,3,9/5/2024,Norte,3124.02
231,1066,503,3,10/5/2024,Este,3112.2
232,1053,525,2,11/5/2024,Sur,3948.38
233,1055,510,5,12/5/2024,Oeste,2234.5
234,1021,503,4,13/5/2024,Oeste,4149.6
235,1058,519,5,14/5/2024,Norte,6937.8
236,1048,505,2,15/5/2024,Oeste,1735.66
237,1039,526,3,16/5/2024,Oeste,2400.81
238,1020,526,4,17/5/2024,Oeste,3201.08
239,1072,529,2,18/5/2024,Norte,225.7
240,1069,507,4,19/5/2024,Este,836.6
241,1069,502,1,20/5/2024,Sur,1317.19
242,1035,520,4,21/5/2024,Sur,6854.64
243,1011,503,4,22/5/2024,Sur,4149.6
244,1097,524,5,23/5/2024,Este,7389.95
245,1100,506,6,24/5/2024,Oeste,5648.76
246,1065,520,6,25/5/2024,Norte,10281.96
247,1063,523,7,26/5/2024,Este,5494.72
248,1030,514,8,27/5/2024,Norte,294.72
249,1039,511,7,28/5/2024,Sur,11071.76
250,1057,512,6,29/5/2024,Norte,3320.94
251,1081,511,9,30/5/2024,Norte,14235.12
252,1034,523,9,31/5/2024,Sur,7064.64
253,1034,521,8,1/6/2024,Norte,3140.56
254,1036,501,1,2/6/2024,Este,1945.7
255,1007,528,8,3/6/2024,Sur,1185.12
256,1061,510,7,4/6/2024,Oeste,3128.3
257,1060,521,6,5/6/2024,Oeste,2355.42
258,1094,518,1,6/6/2024,Oeste,889.12
259,1096,521,9,7/6/2024,Sur,3533.13
260,1065,514,6,8/6/2024,Sur,221.04
261,1099,503,1,9/6/2024,Sur,1037.4
262,1060,518,1,10/6/2024,Sur,889.12
263,1090,513,4,11/6/2024,Sur,4121.36
264,1048,523,6,12/6/2024,Este,4709.76
265,1093,511,9,13/6/2024,Norte,14235.12
266,1019,511,4,14/6/2024,Sur,6326.72
267,1030,527,9,15/6/2024,Norte,9372.06
268,1015,527,1,16/6/2024,Norte,1041.34
269,1051,524,6,17/6/2024,Este,8867.94
270,1085,503,4,18/6/2024,Sur,4149.6
271,1094,501,1,19/6/2024,Sur,1945.7
272,1002,514,3,20/6/2024,Sur,110.52
273,1082,530,9,21/6/2024,Oeste,5245.38
274,1068,517,9,22/6/2024,Oeste,2295.36
275,1041,506,4,23/6/2024,Oeste,3765.84
276,1051,502,6,24/6/2024,Sur,7903.14
277,1043,516,1,25/6/2024,Sur,281.38
278,1021,514,9,26/6/2024,Este,331.56
279,1010,522,9,27/6/2024,Oeste,7045.65
280,1046,526,9,28/6/2024,Sur,7202.43
281,1089,517,3,29/6/2024,Sur,765.12
282,1057,527,5,30/6/2024,Norte,5206.7
283,1089,501,5,1/7/2024,Oeste,9728.5
284,1012,529,2,2/7/2024,Este,225.7
285,1055,501,6,3/7/2024,Norte,11674.2
286,1007,512,6,4/7/2024,Sur,3320.94
287,1022,515,6,5/7/2024,Oeste,11149.02
288,1052,513,8,6/7/2024,Oeste,8242.72
289,1036,525,1,7/7/2024,Sur,1974.19
290,1061,524,6,8/7/2024,Este,8867.94
291,1047,513,3,9/7/2024,Oeste,3091.02
292,1024,508,4,10/7/2024,Sur,4475.36
293,1043,507,6,11/7/2024,Norte,1254.9
294,1053,512,3,12/7/2024,Oeste,1660.47
295,1066,524,3,13/7/2024,Este,4433.97
296,1095,504,9,14/7/2024,Este,10758.87
297,1053,507,8,15/7/2024,Oeste,1673.2
298,1074,509,7,16/7/2024,Este,3926.51
299,1095,518,8,17/7/2024,Sur,7112.96
300,1058,514,6,18/7/2024,Oeste,221.04
301,1070,523,1,19/7/2024,Oeste,784.96
302,1046,506,1,20/7/2024,Norte,941.46
303,1010,526,5,21/7/2024,Sur,4001.35
304,1068,524,3,22/7/2024,Norte,4433.97
305,1028,516,1,23/7/2024,Norte,281.38
306,1074,506,4,24/7/2024,Norte,3765.84
307,1064,519,7,25/7/2024,Oeste,9712.92
308,1084,512,5,26/7/2024,Sur,2767.45
309,1070,501,6,27/7/2024,Oeste,11674.2
310,1063,501,8,28/7/2024,Norte,15565.6
311,1036,528,2,29/7/2024,Sur,296.28
312,1012,521,8,30/7/2024,Oeste,3140.56
313,1029,501,2,31/7/2024,Sur,3891.4
314,1085,512,7,1/8/2024,Oeste,3874.43
315,1005,516,1,2/8/2024,Sur,281.38
316,1082,522,1,3/8/2024,Este,782.85
317,1096,501,2,4/8/2024,Sur,3891.4
318,1039,504,2,5/8/2024,Oeste,2390.86
319,1061,515,3,6/8/2024,Este,5574.51
320,1039,513,2,7/8/2024,Norte,2060.68
321,1034,506,9,8/8/2024,Sur,8473.14
322,1094,504,1,9/8/2024,Oeste,1195.43
323,1071,506,9,10/8/2024,Este,8473.14
324,1080,504,1,11/8/2024,Norte,1195.43
325,1030,513,9,12/8/2024,Este,9273.06
326,1025,530,6,13/8/2024,Norte,3496.92
327,1011,523,5,14/8/2024,Sur,3924.8
328,1082,514,6,15/8/2024,Oeste,221.04
329,1052,519,2,16/8/2024,Oeste,2775.12
330,1057,505,1,17/8/2024,Norte,867.83
331,1099,507,8,18/8/2024,Este,1673.2
332,1022,525,9,19/8/2024,Este,17767.71
333,1025,513,3,20/8/2024,Sur,3091.02
334,1030,523,8,21/8/2024,Norte,6279.68
335,1058,525,7,22/8/2024,Sur,13819.33
336,1040,521,6,23/8/2024,Norte,2355.42
337,1020,529,9,24/8/2024,Oeste,1015.65
338,1070,513,1,25/8/2024,Norte,1030.34
339,1002,507,2,26/8/2024,Este,418.3
340,1071,522,2,27/8/2024,Norte,1565.7
341,1065,519,1,28/8/2024,Este,1387.56
342,1086,518,5,29/8/2024,Sur,4445.6
343,1070,518,4,30/8/2024,Sur,3556.48
344,1001,503,2,31/8/2024,Este,2074.8
345,1027,501,7,1/9/2024,Oeste,13619.9
346,1061,530,1,2/9/2024,Este,582.82
347,1088,517,5,3/9/2024,Norte,1275.2
348,1036,519,4,4/9/2024,Sur,5550.24
349,1043,522,6,5/9/2024,Norte,4697.1
350,1056,511,2,6/9/2024,Norte,3163.36
351,1083,506,1,7/9/2024,Norte,941.46
352,1032,509,9,8/9/2024,Oeste,5048.37
353,1094,527,7,9/9/2024,Este,7289.38
354,1071,503,8,10/9/2024,Norte,8299.2
355,1099,509,2,11/9/2024,Este,1121.86
356,1078,520,7,12/9/2024,Este,11995.62
357,1067,521,2,13/9/2024,Oeste,785.14
358,1037,530,8,14/9/2024,Este,4662.56
359,1045,505,8,15/9/2024,Oeste,6942.64
360,1024,521,3,16/9/2024,Sur,1177.71
361,1029,507,3,17/9/2024,Oeste,627.45
362,1006,515,7,18/9/2024,Oeste,13007.19
363,1081,523,6,19/9/2024,Sur,4709.76
364,1038,520,2,20/9/2024,Este,3427.32
365,1020,524,5,21/9/2024,Norte,7389.95
366,1015,507,3,22/9/2024,Sur,627.45
367,1016,516,7,23/9/2024,Sur,1969.66
368,1083,505,1,24/9/2024,Norte,867.83
369,1088,505,8,25/9/2024,Sur,6942.64
370,1036,512,2,26/9/2024,Sur,1106.98
371,1013,506,2,27/9/2024,Sur,1882.92
372,1062,507,8,28/9/2024,Oeste,1673.2
373,1011,512,2,29/9/2024,Sur,1106.98
374,1096,511,5,30/9/2024,Norte,7908.4
375,1085,529,9,1/10/2024,Este,1015.65
376,1088,502,1,2/10/2024,Oeste,1317.19
377,1041,505,4,3/10/2024,Norte,3471.32
378,1085,505,2,4/10/2024,Oeste,1735.66
379,1006,522,1,5/10/2024,Norte,782.85
380,1038,529,3,6/10/2024,Oeste,338.55
381,1062,523,6,7/10/2024,Norte,4709.76
382,1088,515,2,8/10/2024,Este,3716.34
383,1083,518,8,9/10/2024,Oeste,7112.96
384,1084,506,2,10/10/2024,Norte,1882.92
385,1038,501,4,11/10/2024,Sur,7782.8
386,1069,501,6,12/10/2024,Norte,11674.2
387,1009,516,4,13/10/2024,Norte,1125.52
388,1044,517,1,14/10/2024,Oeste,255.04
389,1032,530,6,15/10/2024,Este,3496.92
390,1091,518,7,16/10/2024,Norte,6223.84
391,1037,506,8,17/10/2024,Norte,7531.68
392,1051,514,3,18/10/2024,Este,110.52
393,1088,505,1,19/10/2024,Sur,867.83
394,1010,501,9,20/10/2024,Norte,17511.3
395,1061,508,6,21/10/2024,Este,6713.04
396,1090,512,8,22/10/2024,Sur,4427.92
397,1050,509,9,23/10/2024,Este,5048.37
398,1051,501,7,24/10/2024,Norte,13619.9
399,1027,516,2,25/10/2024,Norte,562.76
400,1031,502,4,26/10/2024,Sur,5268.76
401,1075,518,8,27/10/2024,Este,7112.96
402,1060,517,8,28/10/2024,Oeste,2040.32
403,1022,522,8,29/10/2024,Este,6262.8
404,1044,523,2,30/10/2024,Sur,1569.92
405,1066,510,4,31/10/2024,Sur,1787.6
406,1036,515,5,1/11/2024,Este,9290.85
407,1051,507,7,2/11/2024,Norte,1464.05
408,1019,528,8,3/11/2024,Sur,1185.12
409,1060,511,7,4/11/2024,Norte,11071.76
410,1031,524,3,5/11/2024,Oeste,4433.97
411,1050,514,1,6/11/2024,Sur,36.84
412,1005,504,6,7/11/2024,Norte,7172.58
413,1063,509,5,8/11/2024,Este,2804.65
414,1035,510,1,9/11/2024,Norte,446.9
415,1005,524,4,10/11/2024,Oeste,5911.96
416,1002,507,7,11/11/2024,Norte,1464.05
417,1012,504,3,12/11/2024,Norte,3586.29
418,1008,501,1,13/11/2024,Este,1945.7
419,1047,528,4,14/11/2024,Oeste,592.56
420,1066,504,7,15/11/2024,Oeste,8368.01
421,1095,504,3,16/11/2024,Norte,3586.29
422,1048,504,8,17/11/2024,Sur,9563.44
423,1026,523,8,18/11/2024,Oeste,6279.68
424,1010,510,8,19/11/2024,Este,3575.2
425,1055,524,1,20/11/2024,Oeste,1477.99
426,1011,519,7,21/11/2024,Sur,9712.92
427,1087,504,8,22/11/2024,Oeste,9563.44
428,1032,501,2,23/11/2024,Sur,3891.4
429,1081,530,3,24/11/2024,Norte,1748.46
430,1068,519,7,25/11/2024,Sur,9712.92
431,1018,526,4,26/11/2024,Oeste,3201.08
432,1082,515,6,27/11/2024,Este,11149.02
433,1061,524,6,28/11/2024,Norte,8867.94
434,1037,515,5,29/11/2024,Norte,9290.85
435,1079,510,6,30/11/2024,Norte,2681.4
436,1086,520,3,1/12/2024,Norte,5140.98
437,1001,511,9,2/12/2024,Este,14235.12
438,1013,513,2,3/12/2024,Oeste,2060.68
439,1011,516,4,4/12/2024,Norte,1125.52
440,1077,502,2,5/12/2024,Sur,2634.38
441,1068,510,5,6/12/2024,Oeste,2234.5
442,1002,523,3,7/12/2024,Sur,2354.88
443,1080,511,5,8/12/2024,Oeste,7908.4
444,1070,515,1,9/12/2024,Este,1858.17
445,1085,526,5,10/12/2024,Norte,4001.35
446,1029,520,9,11/12/2024,Oeste,15422.94
447,1079,519,5,12/12/2024,Norte,6937.8
448,1006,508,1,13/12/2024,Este,1118.84
449,1024,512,5,14/12/2024,Sur,2767.45
450,1096,509,6,15/12/2024,Sur,3365.58
451,1057,504,7,16/12/2024,Sur,8368.01
452,1050,524,6,17/12/2024,Oeste,8867.94
453,1061,516,1,18/12/2024,Este,281.38
454,1049,504,4,19/12/2024,Este,4781.72
455,1025,511,9,20/12/2024,Norte,14235.12
456,1095,518,9,21/12/2024,Este,8002.08
457,1010,519,4,22/12/2024,Oeste,5550.24
458,1072,508,5,23/12/2024,Sur,5594.2
459,1054,502,3,24/12/2024,Sur,3951.57
460,1078,513,6,25/12/2024,Oeste,6182.04
461,1095,512,8,26/12/2024,Oeste,4427.92
462,1045,530,5,27/12/2024,Sur,2914.1
463,1066,514,7,28/12/2024,Oeste,257.88
464,1058,508,7,29/12/2024,Este,7831.88
465,1031,520,9,30/12/2024,Sur,15422.94
466,1048,518,8,31/12/2024,Oeste,7112.96
467,1073,529,5,1/1/2025,Este,564.25
468,1044,515,3,2/1/2025,Oeste,5574.51
469,1067,512,3,3/1/2025,Este,1660.47
470,1090,511,3,4/1/2025,Oeste,4745.04
471,1003,508,5,5/1/2025,Oeste,5594.2
472,1029,507,4,6/1/2025,Norte,836.6
473,1085,512,1,7/1/2025,Este,553.49
474,1013,528,9,8/1/2025,Oeste,1333.26
475,1090,524,2,9/1/2025,Sur,2955.98
476,1061,508,8,10/1/2025,Oeste,8950.72
477,1036,514,6,11/1/2025,Norte,221.04
478,1017,511,1,12/1/2025,Este,1581.68
479,1078,501,5,13/1/2025,Norte,9728.5
480,1043,522,3,14/1/2025,Este,2348.55
481,1055,515,3,15/1/2025,Oeste,5574.51
482,1002,529,1,16/1/2025,Norte,112.85
483,1085,526,9,17/1/2025,Este,7202.43
484,1037,530,4,18/1/2025,Oeste,2331.28
485,1071,515,9,19/1/2025,Oeste,16723.53
486,1044,504,8,20/1/2025,Este,9563.44
487,1006,524,4,21/1/2025,Este,5911.96
488,1028,514,6,22/1/2025,Este,221.04
489,1005,517,9,23/1/2025,Sur,2295.36
490,1041,522,9,24/1/2025,Norte,7045.65
491,1081,530,6,25/1/2025,Sur,3496.92
492,1027,516,4,26/1/2025,Oeste,1125.52
493,1069,524,3,27/1/2025,Oeste,4433.97
494,1097,515,1,28/1/2025,Este,1858.17
495,1073,513,8,29/1/2025,Oeste,8242.72
496,1070,513,8,30/1/2025,Oeste,8242.72
497,1088,512,3,31/1/2025,Sur,1660.47
498,1042,514,2,1/2/2025,Este,73.68
499,1052,521,7,2/2/2025,Sur,2747.99
500,1005,528,2,3/2/2025,Norte,296.28
501,1035,501,8,4/2/2025,Norte,15565.6
502,1082,505,6,5/2/2025,Sur,5206.98
503,1005,529,8,6/2/2025,Sur,902.8
504,1075,523,4,7/2/2025,Oeste,3139.84
505,1041,524,1,8/2/2025,Oeste,1477.99
506,1100,510,4,9/2/2025,Este,1787.6
507,1053,520,2,10/2/2025,Norte,3427.32
508,1062,515,7,11/2/2025,Este,13007.19
509,1059,528,5,12/2/2025,Sur,740.7
510,1026,503,5,13/2/2025,Sur,5187
511,1086,525,1,14/2/2025,Oeste,1974.19
512,1074,505,6,15/2/2025,Este,5206.98
513,1070,508,3,16/2/2025,Oeste,3356.52
514,1011,514,7,17/2/2025,Norte,257.88
515,1027,518,6,18/2/2025,Sur,5334.72
516,1083,510,8,19/2/2025,Este,3575.2
517,1095,506,6,20/2/2025,Este,5648.76
518,1078,506,5,21/2/2025,Oeste,4707.3
519,1029,510,6,22/2/2025,Oeste,2681.4
520,1070,522,5,23/2/2025,Oeste,3914.25
521,1043,503,3,24/2/2025,Sur,3112.2
522,1004,525,7,25/2/2025,Norte,13819.33
523,1030,510,8,26/2/2025,Este,3575.2
524,1050,517,4,27/2/2025,Este,1020.16
525,1019,526,3,28/2/2025,Norte,2400.81
526,1021,510,5,1/3/2025,Sur,2234.5
527,1099,511,7,2/3/2025,Este,11071.76
528,1006,524,8,3/3/2025,Norte,11823.92
529,1050,525,2,4/3/2025,Sur,3948.38
530,1034,504,3,5/3/2025,Este,3586.29
531,1092,501,1,6/3/2025,Sur,1945.7
532,1064,519,8,7/3/2025,Este,11100.48
533,1059,506,6,8/3/2025,Oeste,5648.76
534,1053,529,9,9/3/2025,Norte,1015.65
535,1092,501,4,10/3/2025,Norte,7782.8
536,1012,512,3,11/3/2025,Oeste,1660.47
537,1053,503,2,12/3/2025,Oeste,2074.8
538,1001,506,8,13/3/2025,Este,7531.68
539,1066,511,9,14/3/2025,Oeste,14235.12
540,1070,529,1,15/3/2025,Sur,112.85
541,1020,505,1,16/3/2025,Sur,867.83
542,1040,528,8,17/3/2025,Sur,1185.12
543,1012,521,4,18/3/2025,Este,1570.28
544,1067,521,1,19/3/2025,Norte,392.57
545,1033,528,5,20/3/2025,Este,740.7
546,1037,523,8,21/3/2025,Sur,6279.68
547,1041,509,6,22/3/2025,Norte,3365.58
548,1042,516,1,23/3/2025,Oeste,281.38
549,1072,521,7,24/3/2025,Oeste,2747.99
550,1050,510,6,25/3/2025,Este,2681.4
551,1033,504,3,26/3/2025,Norte,3586.29
552,1096,515,4,27/3/2025,Este,7432.68
553,1007,529,2,28/3/2025,Sur,225.7
554,1078,508,2,29/3/2025,Oeste,2237.68
555,1073,511,1,30/3/2025,Sur,1581.68
556,1032,507,3,31/3/2025,Oeste,627.45
557,1015,520,9,1/4/2025,Este,15422.94
558,1067,515,1,2/4/2025,Este,1858.17
559,1063,520,7,3/4/2025,Sur,11995.62
560,1059,505,7,4/4/2025,Sur,6074.81
561,1026,530,2,5/4/2025,Oeste,1165.64
562,1077,510,5,6/4/2025,Sur,2234.5
563,1024,527,7,7/4/2025,Este,7289.38
564,1008,504,8,8/4/2025,Oeste,9563.44
565,1023,518,4,9/4/2025,Oeste,3556.48
566,1011,506,2,10/4/2025,Oeste,1882.92
567,1091,526,3,11/4/2025,Sur,2400.81
568,1075,530,2,12/4/2025,Sur,1165.64
569,1091,522,5,13/4/2025,Este,3914.25
570,1098,501,7,14/4/2025,Oeste,13619.9
571,1024,523,9,15/4/2025,Norte,7064.64
572,1021,523,7,16/4/2025,Sur,5494.72
573,1031,502,8,17/4/2025,Este,10537.52
574,1013,526,7,18/4/2025,Norte,5601.89
575,1038,512,7,19/4/2025,Sur,3874.43
576,1052,507,4,20/4/2025,Sur,836.6
577,1063,522,3,21/4/2025,Oeste,2348.55
578,1046,502,5,22/4/2025,Norte,6585.95
579,1065,525,6,23/4/2025,Norte,11845.14
580,1024,514,2,24/4/2025,Sur,73.68
581,1050,501,1,25/4/2025,Este,1945.7
582,1030,515,4,26/4/2025,Sur,7432.68
583,1062,503,4,27/4/2025,Oeste,4149.6
584,1003,518,8,28/4/2025,Este,7112.96
585,1045,530,3,29/4/2025,Norte,1748.46
586,1021,530,1,30/4/2025,Oeste,582.82
587,1031,505,3,1/5/2025,Sur,2603.49
588,1071,511,5,2/5/2025,Este,7908.4
589,1027,519,9,3/5/2025,Norte,12488.04
590,1096,530,7,4/5/2025,Norte,4079.74
591,1083,510,2,5/5/2025,Este,893.8
592,1012,522,1,6/5/2025,Norte,782.85
593,1088,527,3,7/5/2025,Sur,3124.02
594,1056,520,8,8/5/2025,Este,13709.28
595,1050,512,9,9/5/2025,Sur,4981.41
596,1075,517,4,10/5/2025,Norte,1020.16
597,1042,506,2,11/5/2025,Oeste,1882.92
598,1009,512,4,12/5/2025,Este,2213.96
599,1099,508,5,13/5/2025,Norte,5594.2
600,1005,508,9,14/5/2025,Norte,10069.56
601,1095,521,7,15/5/2025,Este,2747.99
602,1061,506,6,16/5/2025,Norte,5648.76
603,1091,502,2,17/5/2025,Sur,2634.38
604,1034,514,6,18/5/2025,Sur,221.04
605,1008,518,2,19/5/2025,Sur,1778.24
606,1073,507,5,20/5/2025,Oeste,1045.75
607,1019,502,5,21/5/2025,Norte,6585.95
608,1097,505,8,22/5/2025,Este,6942.64
609,1074,521,7,23/5/2025,Oeste,2747.99
610,1002,501,7,24/5/2025,Este,13619.9
611,1010,523,8,25/5/2025,Norte,6279.68
612,1006,515,4,26/5/2025,Norte,7432.68
613,1048,521,3,27/5/2025,Oeste,1177.71
614,1080,515,4,28/5/2025,Oeste,7432.68
615,1043,525,4,29/5/2025,Sur,7896.76
616,1043,502,6,30/5/2025,Sur,7903.14
617,1053,511,6,31/5/2025,Oeste,9490.08
618,1065,512,9,1/6/2025,Norte,4981.41
619,1035,519,8,2/6/2025,Este,11100.48
620,1016,502,3,3/6/2025,Norte,3951.57
621,1002,530,6,4/6/2025,Este,3496.92
622,1014,529,6,5/6/2025,Sur,677.1
623,1050,522,3,6/6/2025,Este,2348.55
624,1055,518,5,7/6/2025,Norte,4445.6
625,1092,524,9,8/6/2025,Sur,13301.91
626,1004,513,9,9/6/2025,Norte,9273.06
627,1007,513,6,10/6/2025,Oeste,6182.04
628,1038,501,2,11/6/2025,Oeste,3891.4
629,1092,501,1,12/6/2025,Oeste,1945.7
630,1021,530,3,13/6/2025,Norte,1748.46
631,1081,507,3,14/6/2025,Norte,627.45
632,1026,526,8,15/6/2025,Este,6402.16
633,1068,505,6,16/6/2025,Sur,5206.98
634,1026,505,5,17/6/2025,Este,4339.15
635,1097,515,9,18/6/2025,Norte,16723.53
636,1082,505,4,19/6/2025,Sur,3471.32
637,1086,524,8,20/6/2025,Oeste,11823.92
638,1077,530,5,21/6/2025,Este,2914.1
639,1005,510,8,22/6/2025,Sur,3575.2
640,1066,508,9,23/6/2025,Norte,10069.56
641,1097,524,3,24/6/2025,Oeste,4433.97
642,1036,523,2,25/6/2025,Oeste,1569.92
643,1024,503,8,26/6/2025,Sur,8299.2
644,1079,504,2,27/6/2025,Oeste,2390.86
645,1098,515,8,28/6/2025,Norte,14865.36
646,1050,512,3,29/6/2025,Este,1660.47
647,1017,521,3,30/6/2025,Sur,1177.71
648,1087,513,7,1/7/2025,Este,7212.38
649,1024,528,2,2/7/2025,Norte,296.28
650,1092,512,1,3/7/2025,Oeste,553.49
651,1063,521,9,4/7/2025,Oeste,3533.13
652,1096,517,3,5/7/2025,Sur,765.12
653,1057,524,5,6/7/2025,Oeste,7389.95
654,1098,514,4,7/7/2025,Oeste,147.36
655,1095,511,3,8/7/2025,Norte,4745.04
656,1070,524,1,9/7/2025,Sur,1477.99
657,1045,518,9,10/7/2025,Norte,8002.08
658,1097,511,7,11/7/2025,Sur,11071.76
659,1004,505,8,12/7/2025,Este,6942.64
660,1009,521,5,13/7/2025,Este,1962.85
661,1063,525,5,14/7/2025,Norte,9870.95
662,1011,530,4,15/7/2025,Sur,2331.28
663,1091,530,1,16/7/2025,Sur,582.82
664,1032,506,6,17/7/2025,Este,5648.76
665,1017,517,7,18/7/2025,Sur,1785.28
666,1034,514,2,19/7/2025,Oeste,73.68
667,1041,509,8,20/7/2025,Oeste,4487.44
668,1008,507,3,21/7/2025,Oeste,627.45
669,1091,511,3,22/7/2025,Norte,4745.04
670,1005,525,6,23/7/2025,Norte,11845.14
671,1015,529,5,24/7/2025,Oeste,564.25
672,1062,505,8,25/7/2025,Norte,6942.64
673,1007,523,8,26/7/2025,Oeste,6279.68
674,1008,507,7,27/7/2025,Norte,1464.05
675,1022,529,8,28/7/2025,Oeste,902.8
676,1017,527,9,29/7/2025,Sur,9372.06
677,1029,509,8,30/7/2025,Sur,4487.44
678,1009,502,1,31/7/2025,Oeste,1317.19
679,1093,513,6,1/8/2025,Este,6182.04
680,1047,513,3,2/8/2025,Este,3091.02
681,1096,515,2,3/8/2025,Este,3716.34
682,1035,521,1,4/8/2025,Norte,392.57
683,1093,501,7,5/8/2025,Oeste,13619.9
684,1003,519,1,6/8/2025,Norte,1387.56
685,1035,513,3,7/8/2025,Este,3091.02
686,1078,527,4,8/8/2025,Sur,4165.36
687,1039,526,2,9/8/2025,Este,1600.54
688,1071,504,1,10/8/2025,Este,1195.43
689,1070,506,8,11/8/2025,Oeste,7531.68
690,1056,509,2,12/8/2025,Oeste,1121.86
691,1052,522,6,13/8/2025,Oeste,4697.1
692,1073,511,1,14/8/2025,Oeste,1581.68
693,1008,511,5,15/8/2025,Este,7908.4
694,1068,517,7,16/8/2025,Oeste,1785.28
695,1056,509,7,17/8/2025,Sur,3926.51
696,1029,513,7,18/8/2025,Sur,7212.38
697,1011,526,4,19/8/2025,Este,3201.08
698,1018,505,5,20/8/2025,Sur,4339.15
699,1046,505,7,21/8/2025,Oeste,6074.81
700,1096,526,2,22/8/2025,Norte,1600.54
701,1100,513,2,23/8/2025,Norte,2060.68
702,1070,508,4,24/8/2025,Este,4475.36
703,1041,511,2,25/8/2025,Oeste,3163.36
704,1016,504,9,26/8/2025,Este,10758.87
705,1036,507,6,27/8/2025,Este,1254.9
706,1041,506,9,28/8/2025,Este,8473.14
707,1068,522,1,29/8/2025,Sur,782.85
708,1010,517,6,30/8/2025,Este,1530.24
709,1043,525,4,31/8/2025,Sur,7896.76
710,1044,507,6,1/9/2025,Sur,1254.9
711,1084,528,8,2/9/2025,Norte,1185.12
712,1010,502,6,3/9/2025,Este,7903.14
713,1072,518,9,4/9/2025,Norte,8002.08
714,1021,511,7,5/9/2025,Sur,11071.76
715,1075,525,9,6/9/2025,Este,17767.71
716,1026,520,7,7/9/2025,Oeste,11995.62
717,1005,520,9,8/9/2025,Este,15422.94
718,1029,502,9,9/9/2025,Este,11854.71
719,1071,505,1,10/9/2025,Oeste,867.83
720,1005,502,8,11/9/2025,Norte,10537.52
721,1061,506,6,12/9/2025,Este,5648.76
722,1064,512,8,13/9/2025,Oeste,4427.92
723,1029,517,4,14/9/2025,Oeste,1020.16
724,1093,515,2,15/9/2025,Norte,3716.34
725,1019,511,6,16/9/2025,Este,9490.08
726,1081,512,5,17/9/2025,Este,2767.45
727,1013,519,5,18/9/2025,Este,6937.8
728,1020,526,4,19/9/2025,Sur,3201.08
729,1006,523,7,20/9/2025,Este,5494.72
730,1001,512,2,21/9/2025,Norte,1106.98
731,1039,505,9,22/9/2025,Este,7810.47
732,1054,520,5,23/9/2025,Norte,8568.3
733,1002,515,4,24/9/2025,Este,7432.68
734,1090,526,9,25/9/2025,Norte,7202.43
735,1060,522,7,26/9/2025,Este,5479.95
736,1082,525,5,27/9/2025,Oeste,9870.95
737,1089,512,4,28/9/2025,Norte,2213.96
738,1018,511,4,29/9/2025,Oeste,6326.72
739,1063,514,3,30/9/2025,Este,110.52
740,1059,527,1,1/10/2025,Este,1041.34
741,1016,523,8,2/10/2025,Oeste,6279.68
742,1058,501,9,3/10/2025,Oeste,17511.3
743,1058,506,6,4/10/2025,Este,5648.76
744,1091,509,5,5/10/2025,Este,2804.65
745,1062,508,4,6/10/2025,Sur,4475.36
746,1013,518,3,7/10/2025,Oeste,2667.36
747,1092,509,5,8/10/2025,Sur,2804.65
748,1046,525,2,9/10/2025,Norte,3948.38
749,1015,516,6,10/10/2025,Oeste,1688.28
750,1099,522,3,11/10/2025,Norte,2348.55
751,1007,514,1,12/10/2025,Sur,36.84
752,1061,512,5,13/10/2025,Oeste,2767.45
753,1034,518,4,14/10/2025,Norte,3556.48
754,1081,515,2,15/10/2025,Norte,3716.34
755,1042,506,3,16/10/2025,Este,2824.38
756,1047,508,3,17/10/2025,Este,3356.52
757,1069,517,5,18/10/2025,Oeste,1275.2
758,1085,527,6,19/10/2025,Este,6248.04
759,1065,503,1,20/10/2025,Oeste,1037.4
760,1050,513,3,21/10/2025,Norte,3091.02
761,1082,509,6,22/10/2025,Oeste,3365.58
762,1035,529,9,23/10/2025,Norte,1015.65
763,1036,512,9,24/10/2025,Sur,4981.41
764,1024,506,8,25/10/2025,Sur,7531.68
765,1054,527,3,26/10/2025,Oeste,3124.02
766,1075,524,6,27/10/2025,Este,8867.94
767,1088,503,6,28/10/2025,Sur,6224.4
768,1074,516,6,29/10/2025,Norte,1688.28
769,1053,521,1,30/10/2025,Sur,392.57
770,1009,510,6,31/10/2025,Oeste,2681.4
771,1098,501,4,1/11/2025,Norte,7782.8
772,1027,517,2,2/11/2025,Este,510.08
773,1070,514,1,3/11/2025,Norte,36.84
774,1011,508,4,4/11/2025,Este,4475.36
775,1041,521,1,5/11/2025,Sur,392.57
776,1078,519,2,6/11/2025,Norte,2775.12
777,1020,502,2,7/11/2025,Norte,2634.38
778,1077,503,4,8/11/2025,Este,4149.6
779,1062,508,6,9/11/2025,Sur,6713.04
780,1058,504,6,10/11/2025,Oeste,7172.58
781,1059,519,3,11/11/2025,Este,4162.68
782,1043,513,9,12/11/2025,Este,9273.06
783,1038,510,7,13/11/2025,Sur,3128.3
784,1085,526,8,14/11/2025,Sur,6402.16
785,1036,506,1,15/11/2025,Sur,941.46
786,1011,506,7,16/11/2025,Oeste,6590.22
787,1073,513,6,17/11/2025,Oeste,6182.04
788,1086,529,6,18/11/2025,Oeste,677.1
789,1051,511,2,19/11/2025,Norte,3163.36
790,1056,527,6,20/11/2025,Norte,6248.04
791,1044,525,1,21/11/2025,Oeste,1974.19
792,1014,501,5,22/11/2025,Oeste,9728.5
793,1022,509,9,23/11/2025,Oeste,5048.37
794,1041,502,7,24/11/2025,Sur,9220.33
795,1095,515,2,25/11/2025,Oeste,3716.34
796,1012,530,4,26/11/2025,Sur,2331.28
797,1069,527,3,27/11/2025,Norte,3124.02
798,1004,509,4,28/11/2025,Sur,2243.72
799,1032,503,9,29/11/2025,Oeste,9336.6
800,1005,508,6,30/11/2025,Sur,6713.04
801,1059,507,4,1/12/2025,Oeste,836.6
802,1070,502,6,2/12/2025,Este,7903.14
803,1099,506,6,3/12/2025,Sur,5648.76
804,1079,524,3,4/12/2025,Norte,4433.97
805,1047,507,6,5/12/2025,Oeste,1254.9
806,1015,530,6,6/12/2025,Oeste,3496.92
807,1068,526,4,7/12/2025,Sur,3201.08
808,1100,502,1,8/12/2025,Norte,1317.19
809,1057,517,8,9/12/2025,Sur,2040.32
810,1043,503,3,10/12/2025,Oeste,3112.2
811,1081,524,1,11/12/2025,Este,1477.99
812,1011,519,1,12/12/2025,Norte,1387.56
813,1036,513,8,13/12/2025,Oeste,8242.72
814,1041,527,9,14/12/2025,Sur,9372.06
815,1010,503,8,15/12/2025,Este,8299.2
816,1071,521,8,16/12/2025,Sur,3140.56
817,1087,515,2,17/12/2025,Este,3716.34
818,1092,517,7,18/12/2025,Este,1785.28
819,1086,514,8,19/12/2025,Norte,294.72
820,1039,509,9,20/12/2025,Oeste,5048.37
821,1035,526,4,21/12/2025,Norte,3201.08
822,1023,529,3,22/12/2025,Este,338.55
823,1045,524,9,23/12/2025,Sur,13301.91
824,1015,526,3,24/12/2025,Oeste,2400.81
825,1027,529,3,25/12/2025,Este,338.55
826,1049,526,5,26/12/2025,Oeste,4001.35
827,1048,505,3,27/12/2025,Sur,2603.49
828,1086,518,6,28/12/2025,Norte,5334.72
829,1012,518,6,29/12/2025,Este,5334.72
830,1007,507,5,30/12/2025,Este,1045.75
831,1074,516,9,31/12/2025,Oeste,2532.42
832,1099,521,4,1/1/2026,Este,1570.28
833,1047,520,4,2/1/2026,Norte,6854.64
834,1096,509,5,3/1/2026,Este,2804.65
835,1030,508,1,4/1/2026,Oeste,1118.84
836,1064,508,7,5/1/2026,Norte,7831.88
837,1093,511,2,6/1/2026,Oeste,3163.36
838,1078,505,5,7/1/2026,Oeste,4339.15
839,1008,530,9,8/1/2026,Este,5245.38
840,1075,519,5,9/1/2026,Norte,6937.8
841,1066,515,7,10/1/2026,Norte,13007.19
842,1033,515,1,11/1/2026,Este,1858.17
843,1001,515,4,12/1/2026,Este,7432.68
844,1012,508,9,13/1/2026,Este,10069.56
845,1065,520,2,14/1/2026,Este,3427.32
846,1060,508,2,15/1/2026,Norte,2237.68
847,1090,513,5,16/1/2026,Sur,5151.7
848,1001,512,6,17/1/2026,Sur,3320.94
849,1062,507,4,18/1/2026,Este,836.6
850,1025,524,5,19/1/2026,Sur,7389.95
851,1086,510,9,20/1/2026,Este,4022.1
852,1081,529,2,21/1/2026,Norte,225.7
853,1031,524,6,22/1/2026,Sur,8867.94
854,1006,522,6,23/1/2026,Este,4697.1
855,1100,505,2,24/1/2026,Oeste,1735.66
856,1059,515,8,25/1/2026,Norte,14865.36
857,1003,527,5,26/1/2026,Oeste,5206.7
858,1098,520,5,27/1/2026,Norte,8568.3
859,1073,520,8,28/1/2026,Norte,13709.28
860,1054,515,5,29/1/2026,Sur,9290.85
861,1043,530,8,30/1/2026,Este,4662.56
862,1037,523,2,31/1/2026,Sur,1569.92
863,1083,521,6,1/2/2026,Oeste,2355.42
864,1012,504,2,2/2/2026,Oeste,2390.86
865,1060,529,9,3/2/2026,Oeste,1015.65
866,1012,526,4,4/2/2026,Este,3201.08
867,1083,514,8,5/2/2026,Oeste,294.72
868,1051,514,3,6/2/2026,Sur,110.52
869,1086,526,4,7/2/2026,Norte,3201.08
870,1014,511,5,8/2/2026,Oeste,7908.4
871,1063,504,8,9/2/2026,Oeste,9563.44
872,1060,523,5,10/2/2026,Sur,3924.8
873,1098,523,7,11/2/2026,Sur,5494.72
874,1027,529,2,12/2/2026,Este,225.7
875,1089,520,2,13/2/2026,Sur,3427.32
876,1091,507,2,14/2/2026,Norte,418.3
877,1057,528,6,15/2/2026,Oeste,888.84
878,1072,527,6,16/2/2026,Este,6248.04
879,1099,502,8,17/2/2026,Este,10537.52
880,1050,504,1,18/2/2026,Norte,1195.43
881,1085,525,6,19/2/2026,Sur,11845.14
882,1016,525,1,20/2/2026,Sur,1974.19
883,1013,518,5,21/2/2026,Este,4445.6
884,1043,529,2,22/2/2026,Este,225.7
885,1057,506,5,23/2/2026,Sur,4707.3
886,1024,526,4,24/2/2026,Sur,3201.08
887,1064,508,9,25/2/2026,Este,10069.56
888,1021,516,3,26/2/2026,Este,844.14
889,1019,524,6,27/2/2026,Norte,8867.94
890,1046,514,4,28/2/2026,Oeste,147.36
891,1027,524,2,1/3/2026,Este,2955.98
892,1062,530,4,2/3/2026,Este,2331.28
893,1010,524,2,3/3/2026,Este,2955.98
894,1047,512,3,4/3/2026,Oeste,1660.47
895,1008,522,2,5/3/2026,Norte,1565.7
896,1011,527,8,6/3/2026,Oeste,8330.72
897,1044,524,4,7/3/2026,Oeste,5911.96
898,1037,515,8,8/3/2026,Sur,14865.36
899,1067,506,1,9/3/2026,Oeste,941.46
900,1040,530,7,10/3/2026,Sur,4079.74
901,1028,519,1,11/3/2026,Oeste,1387.56
902,1044,523,1,12/3/2026,Este,784.96
903,1078,524,2,13/3/2026,Sur,2955.98
904,1011,528,5,14/3/2026,Sur,740.7
905,1070,515,7,15/3/2026,Norte,13007.19
906,1079,530,9,16/3/2026,Este,5245.38
907,1060,502,6,17/3/2026,Oeste,7903.14
908,1063,526,8,18/3/2026,Oeste,6402.16
909,1097,529,3,19/3/2026,Norte,338.55
910,1053,528,7,20/3/2026,Oeste,1036.98
911,1001,509,3,21/3/2026,Sur,1682.79
912,1002,517,6,22/3/2026,Norte,1530.24
913,1008,524,4,23/3/2026,Sur,5911.96
914,1063,523,8,24/3/2026,Este,6279.68
915,1015,508,1,25/3/2026,Norte,1118.84
916,1072,521,5,26/3/2026,Norte,1962.85
917,1096,515,7,27/3/2026,Este,13007.19
918,1007,515,2,28/3/2026,Oeste,3716.34
919,1045,526,2,29/3/2026,Norte,1600.54
920,1029,516,3,30/3/2026,Este,844.14
921,1059,517,5,31/3/2026,Oeste,1275.2
922,1091,506,8,1/4/2026,Sur,7531.68
923,1081,512,9,2/4/2026,Sur,4981.41
924,1071,512,8,3/4/2026,Sur,4427.92
925,1032,519,8,4/4/2026,Norte,11100.48
926,1077,522,2,5/4/2026,Norte,1565.7
927,1063,529,3,6/4/2026,Norte,338.55
928,1068,503,1,7/4/2026,Norte,1037.4
929,1005,518,6,8/4/2026,Norte,5334.72
930,1049,524,7,9/4/2026,Este,10345.93
931,1030,503,3,10/4/2026,Sur,3112.2
932,1049,523,3,11/4/2026,Oeste,2354.88
933,1040,514,9,12/4/2026,Sur,331.56
934,1033,505,7,13/4/2026,Este,6074.81
935,1030,530,9,14/4/2026,Sur,5245.38
936,1050,522,3,15/4/2026,Oeste,2348.55
937,1083,509,5,16/4/2026,Este,2804.65
938,1073,513,5,17/4/2026,Oeste,5151.7
939,1020,522,4,18/4/2026,Oeste,3131.4
940,1018,515,6,19/4/2026,Norte,11149.02
941,1025,503,3,20/4/2026,Oeste,3112.2
942,1039,501,2,21/4/2026,Norte,3891.4
943,1025,523,3,22/4/2026,Oeste,2354.88
944,1018,523,5,23/4/2026,Este,3924.8
945,1058,525,3,24/4/2026,Norte,5922.57
946,1001,517,1,25/4/2026,Oeste,255.04
947,1006,522,7,26/4/2026,Oeste,5479.95
948,1023,507,2,27/4/2026,Oeste,418.3
949,1029,527,6,28/4/2026,Norte,6248.04
950,1027,527,8,29/4/2026,Este,8330.72
951,1011,502,1,30/4/2026,Sur,1317.19
952,1037,520,8,1/5/2026,Este,13709.28
953,1098,525,8,2/5/2026,Este,15793.52
954,1075,502,9,3/5/2026,Este,11854.71
955,1014,509,2,4/5/2026,Sur,1121.86
956,1086,521,1,5/5/2026,Sur,392.57
957,1027,528,4,6/5/2026,Sur,592.56
958,1012,523,1,7/5/2026,Norte,784.96
959,1035,501,5,8/5/2026,Oeste,9728.5
960,1066,527,2,9/5/2026,Este,2082.68
961,1100,527,7,10/5/2026,Oeste,7289.38
962,1065,518,9,11/5/2026,Este,8002.08
963,1095,516,4,12/5/2026,Este,1125.52
964,1019,519,5,13/5/2026,Oeste,6937.8
965,1010,517,2,14/5/2026,Norte,510.08
966,1039,530,3,15/5/2026,Oeste,1748.46
967,1079,508,2,16/5/2026,Oeste,2237.68
968,1031,524,5,17/5/2026,Sur,7389.95
969,1095,512,2,18/5/2026,Norte,1106.98
970,1046,514,2,19/5/2026,Norte,73.68
971,1050,528,8,20/5/2026,Oeste,1185.12
972,1042,505,8,21/5/2026,Norte,6942.64
973,1049,518,5,22/5/2026,Sur,4445.6
974,1073,527,4,23/5/2026,Norte,4165.36
975,1039,517,2,24/5/2026,Sur,510.08
976,1042,522,3,25/5/2026,Este,2348.55
977,1058,503,4,26/5/2026,Sur,4149.6
978,1085,530,8,27/5/2026,Sur,4662.56
979,1035,510,8,28/5/2026,Oeste,3575.2
980,1004,502,4,29/5/2026,Norte,5268.76
981,1027,526,7,30/5/2026,Este,5601.89
982,1093,517,7,31/5/2026,Norte,1785.28
983,1091,503,2,1/6/2026,Oeste,2074.8
984,1073,508,8,2/6/2026,Sur,8950.72
985,1041,527,2,3/6/2026,Sur,2082.68
986,1081,518,3,4/6/2026,Sur,2667.36
987,1088,528,8,5/6/2026,Oeste,1185.12
988,1093,530,8,6/6/2026,Norte,4662.56
989,1062,529,9,7/6/2026,Norte,1015.65
990,1030,525,8,8/6/2026,Norte,15793.52
991,1018,527,3,9/6/2026,Este,3124.02
992,1078,516,8,10/6/2026,Oeste,2251.04
993,1043,525,8,11/6/2026,Sur,15793.52
994,1078,529,8,12/6/2026,Norte,902.8
995,1056,517,5,13/6/2026,Este,1275.2
996,1002,523,1,14/6/2026,Oeste,784.96
997,1030,505,3,15/6/2026,Oeste,2603.49
998,1003,513,4,16/6/2026,Este,4121.36
999,1083,502,9,17/6/2026,Norte,11854.71
1000,1049,503,5,18/6/2026,Norte,5187
1001,1057,517,3,19/6/2026,Oeste,765.12
1002,1074,520,1,20/6/2026,Este,1713.66
1003,1100,521,9,21/6/2026,Norte,3533.13
1004,1032,516,5,22/6/2026,Este,1406.9
1005,1082,502,7,23/6/2026,Oeste,9220.33
1006,1011,502,4,24/6/2026,Norte,5268.76
1007,1032,506,8,25/6/2026,Este,7531.68
1008,1092,507,1,26/6/2026,Sur,209.15
1009,1067,501,3,27/6/2026,Sur,5837.1
1010,1041,530,7,28/6/2026,Norte,4079.74
1011,1016,513,4,29/6/2026,Oeste,4121.36
1012,1091,509,7,30/6/2026,Este,3926.51
1013,1056,526,4,1/7/2026,Este,3201.08
1014,1028,529,5,2/7/2026,Sur,564.25
1015,1033,506,2,3/7/2026,Oeste,1882.92
1016,1024,522,7,4/7/2026,Oeste,5479.95
1017,1057,523,4,5/7/2026,Oeste,3139.84
1018,1091,525,5,6/7/2026,Oeste,9870.95
1019,1012,530,6,7/7/2026,Sur,3496.92
1020,1067,509,7,8/7/2026,Norte,3926.51
1021,1016,513,4,9/7/2026,Oeste,4121.36
1022,1091,528,1,10/7/2026,Oeste,148.14
1023,1075,529,1,11/7/2026,Oeste,112.85
1024,1030,509,7,12/7/2026,Sur,3926.51
1025,1023,517,8,13/7/2026,Oeste,2040.32
1026,1068,524,1,14/7/2026,Norte,1477.99
1027,1078,509,1,15/7/2026,Este,560.93
1028,1096,509,9,16/7/2026,Sur,5048.37
1029,1010,512,2,17/7/2026,Sur,1106.98
1030,1044,514,6,18/7/2026,Norte,221.04
1031,1080,527,5,19/7/2026,Este,5206.7
1032,1088,517,3,20/7/2026,Este,765.12
1033,1095,501,6,21/7/2026,Norte,11674.2
1034,1009,522,8,22/7/2026,Sur,6262.8
1035,1070,507,1,23/7/2026,Norte,209.15
1036,1069,511,3,24/7/2026,Oeste,4745.04
1037,1070,519,9,25/7/2026,Norte,12488.04
1038,1012,513,5,26/7/2026,Oeste,5151.7
1039,1081,513,6,27/7/2026,Sur,6182.04
1040,1001,523,1,28/7/2026,Sur,784.96
1041,1022,511,6,29/7/2026,Este,9490.08
1042,1041,527,8,30/7/2026,Oeste,8330.72
1043,1035,517,2,31/7/2026,Sur,510.08
1044,1090,529,4,1/8/2026,Este,451.4
1045,1050,505,3,2/8/2026,Este,2603.49
1046,1027,504,9,3/8/2026,Este,10758.87
1047,1072,524,9,4/8/2026,Norte,13301.91
1048,1006,512,1,5/8/2026,Sur,553.49
1049,1063,517,5,6/8/2026,Este,1275.2
1050,1090,513,7,7/8/2026,Norte,7212.38
1051,1062,515,5,8/8/2026,Sur,9290.85
1052,1028,511,3,9/8/2026,Norte,4745.04
1053,1007,517,9,10/8/2026,Oeste,2295.36
1054,1026,526,2,11/8/2026,Norte,1600.54
1055,1064,522,3,12/8/2026,Norte,2348.55
1056,1056,504,8,13/8/2026,Norte,9563.44
1057,1075,516,8,14/8/2026,Norte,2251.04
1058,1061,530,8,15/8/2026,Este,4662.56
1059,1087,508,2,16/8/2026,Sur,2237.68
1060,1062,523,1,17/8/2026,Este,784.96
1061,1014,525,7,18/8/2026,Norte,13819.33
1062,1058,524,4,19/8/2026,Norte,5911.96
1063,1065,527,4,20/8/2026,Sur,4165.36
1064,1008,505,3,21/8/2026,Sur,2603.49
1065,1075,524,5,22/8/2026,Norte,7389.95
1066,1029,527,3,23/8/2026,Norte,3124.02
1067,1031,504,5,24/8/2026,Este,5977.15
1068,1016,502,6,25/8/2026,Sur,7903.14
1069,1076,520,8,26/8/2026,Este,13709.28
1070,1074,528,5,27/8/2026,Oeste,740.7
1071,1091,525,7,28/8/2026,Este,13819.33
1072,1084,527,7,29/8/2026,Norte,7289.38
1073,1003,507,9,30/8/2026,Este,1882.35
1074,1049,510,8,31/8/2026,Este,3575.2
1075,1054,525,2,1/9/2026,Norte,3948.38
1076,1098,528,9,2/9/2026,Oeste,1333.26
1077,1082,503,6,3/9/2026,Oeste,6224.4
1078,1082,526,7,4/9/2026,Sur,5601.89
1079,1100,519,9,5/9/2026,Este,12488.04
1080,1091,514,4,6/9/2026,Oeste,147.36
1081,1060,526,7,7/9/2026,Este,5601.89
1082,1073,507,6,8/9/2026,Oeste,1254.9
1083,1097,529,6,9/9/2026,Oeste,677.1
1084,1024,522,4,10/9/2026,Oeste,3131.4
1085,1042,525,8,11/9/2026,Este,15793.52
1086,1002,512,1,12/9/2026,Norte,553.49
1087,1040,520,3,13/9/2026,Este,5140.98
1088,1007,528,6,14/9/2026,Oeste,888.84
1089,1048,528,5,15/9/2026,Oeste,740.7
1090,1063,516,4,16/9/2026,Oeste,1125.52
1091,1001,505,2,17/9/2026,Este,1735.66
1092,1097,518,4,18/9/2026,Este,3556.48
1093,1002,501,5,19/9/2026,Norte,9728.5
1094,1066,510,6,20/9/2026,Oeste,2681.4
1095,1014,507,8,21/9/2026,Este,1673.2
1096,1017,502,8,22/9/2026,Este,10537.52
1097,1029,505,5,23/9/2026,Este,4339.15
1098,1098,522,4,24/9/2026,Sur,3131.4
1099,1047,518,8,25/9/2026,Norte,7112.96
1100,1022,504,3,26/9/2026,Norte,3586.29
